loan_id,applicant_id,loan_amount,loan_amount_term,credit_history,property_area
L00001,A00104,626.04,300,0,Urban
L00002,A00719,458.27,180,1,Urban
L00003,A00262,531.41,360,1,Urban
L00004,A00864,675.28,180,1,Urban
L00005,A00022,387.4,300,1,Semiurban
L00006,A00352,201.9,240,1,Semiurban
L00007,A00845,347.43,300,0,Semiurban
L00008,A00328,354.16,180,1,Rural
L00009,A00968,403.17,180,0,Rural
L00010,A00987,546.42,300,0,Semiurban
L00011,A00624,339.08,180,0,Urban
L00012,A00140,625.06,120,0,Urban
L00013,A00158,369.32,120,1,Rural
L00014,A00372,269.83,240,1,Rural
L00015,A00554,524.65,120,0,Rural
L00016,A00614,528.23,180,0,Rural
L00017,A00657,217.61,180,1,Rural
L00018,A00138,681.49,360,0,Rural
L00019,A00458,381.35,360,1,Semiurban
L00020,A00247,651.03,240,1,Semiurban
L00021,A00446,403.51,240,0,Semiurban
L00022,A00165,413.62,360,1,Semiurban
L00023,A00963,550.6,360,0,Semiurban
L00024,A00987,604.01,360,1,Rural
L00025,A00096,103.36,180,0,Semiurban
L00026,A00047,342.65,120,0,Semiurban
L00027,A00903,323.38,360,0,Semiurban
L00028,A00011,646.49,120,1,Urban
L00029,A00910,540.3,120,0,Rural
L00030,A00088,351.14,120,0,Rural
L00031,A00402,302.34,120,0,Semiurban
L00032,A00503,159.33,360,1,Urban
L00033,A00172,556.02,180,0,Urban
L00034,A00839,60.31,360,1,Semiurban
L00035,A00365,573.37,240,0,Semiurban
L00036,A00617,479.89,180,1,Urban
L00037,A00918,80.38,120,1,Semiurban
L00038,A00250,572.75,240,1,Urban
L00039,A00134,689.34,240,1,Semiurban
L00040,A00777,414.29,240,0,Rural
L00041,A00865,176.68,240,1,Urban
L00042,A00036,371.32,120,1,Semiurban
L00043,A00272,65.9,120,1,Rural
L00044,A00573,545.46,360,0,Urban
L00045,A00662,651.18,300,1,Semiurban
L00046,A00677,264.67,300,0,Rural
L00047,A00986,248.39,360,1,Urban
L00048,A00943,605.78,360,1,Semiurban
L00049,A00865,186.96,360,1,Rural
L00050,A00808,696.53,360,1,Semiurban
L00051,A00886,358.39,300,0,Rural
L00052,A00449,230.02,120,1,Rural
L00053,A00888,660.04,120,0,Semiurban
L00054,A00525,452.49,120,0,Urban
L00055,A00468,515.88,300,0,Rural
L00056,A00904,533.89,120,1,Semiurban
L00057,A00257,461.31,300,0,Rural
L00058,A00306,228.46,120,1,Rural
L00059,A00205,324.28,300,1,Urban
L00060,A00497,570.09,240,0,Semiurban
L00061,A00876,503.79,120,0,Semiurban
L00062,A00268,254.62,120,0,Semiurban
L00063,A00654,134.38,360,1,Rural
L00064,A00188,455.22,240,1,Urban
L00065,A00508,519.9,240,1,Semiurban
L00066,A00512,150.19,240,1,Rural
L00067,A00207,429.16,300,0,Urban
L00068,A00581,255.07,120,1,Semiurban
L00069,A00530,172.7,300,1,Urban
L00070,A00560,540.82,120,0,Rural
L00071,A00548,560.26,240,0,Semiurban
L00072,A00040,309.12,180,1,Semiurban
L00073,A00011,251.32,120,1,Urban
L00074,A00307,312.61,120,0,Semiurban
L00075,A00635,65.7,360,1,Semiurban
L00076,A00588,646.84,360,0,Urban
L00077,A00815,665.58,240,1,Urban
L00078,A00109,360.28,120,0,Urban
L00079,A00299,422.45,300,1,Semiurban
L00080,A00044,189.48,360,1,Rural
L00081,A00698,390.86,300,0,Rural
L00082,A00305,533.62,300,1,Urban
L00083,A00470,513.04,300,0,Semiurban
L00084,A00225,411.66,360,1,Semiurban
L00085,A00230,325.88,180,1,Urban
L00086,A00541,132.25,300,1,Rural
L00087,A00139,254.81,300,1,Rural
L00088,A00819,163.14,120,0,Semiurban
L00089,A00881,592.84,300,1,Rural
L00090,A00996,127.15,180,0,Semiurban
L00091,A00625,410.04,180,0,Semiurban
L00092,A00488,432.3,240,0,Semiurban
L00093,A00052,380.03,120,1,Rural
L00094,A00013,538.04,240,0,Semiurban
L00095,A00966,165.04,360,0,Urban
L00096,A00727,550.71,120,1,Rural
L00097,A00210,632.84,240,1,Urban
L00098,A00249,321.76,180,0,Semiurban
L00099,A00727,328.43,120,0,Rural
L00100,A00703,526.78,180,0,Rural
L00101,A00633,586.34,240,0,Semiurban
L00102,A00009,160.08,120,0,Rural
L00103,A00919,348.97,300,1,Rural
L00104,A00777,698.64,240,0,Urban
L00105,A00726,101.2,300,1,Semiurban
L00106,A00547,350.01,180,1,Semiurban
L00107,A00926,385.87,180,0,Semiurban
L00108,A00506,304.98,240,1,Semiurban
L00109,A00821,86.97,360,0,Rural
L00110,A00793,566.24,180,0,Semiurban
L00111,A00565,269.51,120,0,Rural
L00112,A00141,384.13,120,0,Rural
L00113,A00351,142.46,240,1,Rural
L00114,A00241,102.81,240,1,Rural
L00115,A00671,634.45,360,1,Urban
L00116,A00369,607.58,240,0,Urban
L00117,A00268,358.02,120,0,Urban
L00118,A00788,163.6,360,1,Urban
L00119,A00036,376.1,360,0,Rural
L00120,A00583,54.93,360,0,Rural
L00121,A00704,657.48,180,1,Rural
L00122,A00460,354.72,360,0,Urban
L00123,A00947,117.89,240,1,Semiurban
L00124,A00361,597.74,360,0,Urban
L00125,A00323,458.1,360,1,Urban
L00126,A00476,366.38,120,1,Semiurban
L00127,A00935,539.07,360,0,Urban
L00128,A00495,395.8,180,1,Rural
L00129,A00095,69.03,300,0,Urban
L00130,A00115,616.73,120,1,Urban
L00131,A00293,74.89,300,1,Urban
L00132,A00015,206.75,360,0,Semiurban
L00133,A00531,679.62,180,0,Semiurban
L00134,A00778,426.58,240,1,Rural
L00135,A00841,348.24,300,1,Semiurban
L00136,A00124,351.94,300,0,Urban
L00137,A00433,530.42,180,1,Semiurban
L00138,A00078,325.46,180,0,Rural
L00139,A00187,166.48,360,1,Rural
L00140,A00661,279.69,240,0,Rural
L00141,A00621,297.31,300,1,Semiurban
L00142,A00036,615.1,240,0,Rural
L00143,A00915,653.96,120,0,Urban
L00144,A00075,652.36,180,1,Urban
L00145,A00501,432.37,120,0,Semiurban
L00146,A00472,502.46,180,0,Urban
L00147,A00601,343.65,300,1,Rural
L00148,A00404,607.48,180,0,Semiurban
L00149,A00311,512.59,240,0,Rural
L00150,A00810,84.88,180,1,Rural
L00151,A00113,100.74,120,1,Rural
L00152,A00801,247.43,300,1,Semiurban
L00153,A00921,682.16,300,0,Urban
L00154,A00181,278.74,180,0,Urban
L00155,A00806,548.88,180,0,Semiurban
L00156,A00818,376.11,120,1,Urban
L00157,A00124,531.74,240,0,Rural
L00158,A00099,99.48,360,0,Semiurban
L00159,A00372,277.61,180,0,Semiurban
L00160,A00268,62.39,180,0,Semiurban
L00161,A00405,194.59,300,0,Rural
L00162,A00212,215.36,360,0,Semiurban
L00163,A00154,310.69,360,0,Urban
L00164,A00161,177.35,240,0,Urban
L00165,A00447,359.96,300,0,Rural
L00166,A00135,370.92,300,1,Rural
L00167,A00668,621.33,120,0,Urban
L00168,A00901,382.41,300,1,Rural
L00169,A00077,510.12,300,1,Rural
L00170,A00540,263.24,240,1,Rural
L00171,A00406,311.74,240,1,Semiurban
L00172,A00796,325.83,360,0,Semiurban
L00173,A00805,469.64,240,1,Semiurban
L00174,A00550,501.78,240,1,Rural
L00175,A00785,643.36,300,1,Semiurban
L00176,A00077,99.83,120,1,Semiurban
L00177,A00165,416.05,180,1,Urban
L00178,A00483,456.22,240,1,Rural
L00179,A00300,444.68,180,1,Rural
L00180,A00490,318.08,240,0,Rural
L00181,A00658,160.88,300,1,Urban
L00182,A00460,103.47,120,1,Urban
L00183,A00187,589.22,240,0,Semiurban
L00184,A00047,663.63,240,1,Rural
L00185,A00262,525.82,180,0,Rural
L00186,A00930,617.42,300,0,Urban
L00187,A00209,165.62,180,1,Semiurban
L00188,A00962,196.54,120,1,Semiurban
L00189,A00579,292.95,120,1,Semiurban
L00190,A00818,635.45,360,0,Urban
L00191,A00920,615.22,120,1,Urban
L00192,A00752,694.67,180,1,Semiurban
L00193,A00822,232.22,120,0,Rural
L00194,A00269,571.24,120,1,Rural
L00195,A00660,637.5,120,1,Urban
L00196,A00159,105.09,240,1,Rural
L00197,A00786,307.44,240,1,Rural
L00198,A00637,85.78,120,1,Urban
L00199,A00559,186.95,300,1,Rural
L00200,A00105,194.35,240,0,Urban
L00201,A00865,690.01,180,1,Semiurban
L00202,A00394,519.68,120,0,Semiurban
L00203,A00434,325.06,300,0,Rural
L00204,A00027,281.11,300,1,Urban
L00205,A00834,372.15,120,1,Semiurban
L00206,A00072,212.94,360,1,Semiurban
L00207,A00280,149.77,360,0,Urban
L00208,A00394,144.52,240,1,Urban
L00209,A00925,217.5,120,0,Rural
L00210,A00219,411.72,360,1,Urban
L00211,A00632,510.98,120,1,Rural
L00212,A00360,461.24,300,1,Urban
L00213,A00227,511.9,240,1,Urban
L00214,A00279,365.93,360,0,Rural
L00215,A00446,529.18,120,1,Rural
L00216,A00495,644.8,180,0,Rural
L00217,A00212,538.29,360,1,Semiurban
L00218,A00656,164.63,300,0,Semiurban
L00219,A00310,547.33,180,0,Urban
L00220,A00730,70.78,360,1,Rural
L00221,A00280,539.31,360,0,Rural
L00222,A00446,492.28,300,1,Semiurban
L00223,A00896,693.73,120,1,Semiurban
L00224,A00197,430.05,120,0,Urban
L00225,A00531,515.9,360,1,Rural
L00226,A00442,395.83,300,0,Rural
L00227,A00001,575.69,300,1,Urban
L00228,A00430,245.78,300,0,Rural
L00229,A00368,540.34,300,1,Urban
L00230,A00533,360.22,360,0,Rural
L00231,A00884,373.85,180,0,Urban
L00232,A00985,92.78,180,1,Rural
L00233,A00554,495.93,240,0,Urban
L00234,A00877,674.87,180,0,Semiurban
L00235,A00202,438.9,120,0,Urban
L00236,A00602,530.22,240,1,Rural
L00237,A00683,331.55,120,0,Urban
L00238,A00388,405.2,240,1,Urban
L00239,A00334,115.01,360,0,Urban
L00240,A00527,86.29,240,0,Semiurban
L00241,A00623,692.23,360,1,Urban
L00242,A00692,442.27,360,0,Rural
L00243,A00971,563.61,240,1,Urban
L00244,A00326,341.02,180,1,Semiurban
L00245,A00705,560.19,120,0,Urban
L00246,A00874,287.07,360,1,Semiurban
L00247,A00997,540.24,300,1,Urban
L00248,A00060,245.95,240,1,Urban
L00249,A00383,678.67,120,1,Semiurban
L00250,A00355,309.24,300,1,Rural
L00251,A00759,432.83,300,1,Rural
L00252,A00224,665.9,300,1,Urban
L00253,A00125,394.27,120,1,Rural
L00254,A00262,248.31,120,0,Rural
L00255,A00801,316.83,360,0,Semiurban
L00256,A00177,634.31,180,1,Urban
L00257,A00528,473.64,360,1,Urban
L00258,A00618,383.63,180,1,Urban
L00259,A00839,550.03,120,0,Rural
L00260,A00922,566.69,180,0,Semiurban
L00261,A00261,97.92,360,0,Semiurban
L00262,A00329,108.43,240,1,Urban
L00263,A00036,160.51,180,1,Semiurban
L00264,A00095,668.02,120,0,Urban
L00265,A00538,546.3,180,0,Semiurban
L00266,A00474,268.92,180,1,Rural
L00267,A00405,50.86,180,0,Urban
L00268,A00139,677.5,120,1,Semiurban
L00269,A00565,272.73,120,1,Urban
L00270,A00831,221.8,300,1,Semiurban
L00271,A00110,483.41,360,0,Semiurban
L00272,A00104,637.37,240,1,Urban
L00273,A00714,498.16,300,0,Rural
L00274,A00478,544.09,240,1,Rural
L00275,A00674,256.8,360,1,Urban
L00276,A00509,690.96,240,0,Rural
L00277,A00058,604.6,360,0,Urban
L00278,A00342,171.92,360,1,Urban
L00279,A00865,228.15,120,0,Urban
L00280,A00593,98.61,360,0,Rural
L00281,A00124,328.79,240,0,Semiurban
L00282,A00091,544.05,120,0,Urban
L00283,A00481,105.03,360,0,Urban
L00284,A00533,546.66,120,1,Urban
L00285,A00772,356.45,240,0,Urban
L00286,A00490,347.31,240,0,Rural
L00287,A00719,88.02,300,1,Rural
L00288,A00208,408.48,240,0,Semiurban
L00289,A00644,374.23,180,1,Rural
L00290,A00778,195.34,300,1,Semiurban
L00291,A00135,223.58,300,0,Urban
L00292,A00332,480.87,120,1,Rural
L00293,A00629,106.6,120,0,Semiurban
L00294,A00488,100.71,240,0,Semiurban
L00295,A00321,552.14,360,0,Urban
L00296,A00027,352.17,360,1,Rural
L00297,A00918,371.49,180,0,Urban
L00298,A00393,273.43,360,0,Rural
L00299,A00345,85.77,300,1,Urban
L00300,A00767,382.88,180,0,Urban
L00301,A00860,476.5,300,0,Semiurban
L00302,A00620,496.05,240,0,Urban
L00303,A00717,156.78,360,0,Semiurban
L00304,A00346,506.91,300,1,Rural
L00305,A00827,111.55,360,1,Semiurban
L00306,A00324,84.47,120,1,Rural
L00307,A01000,551.51,360,0,Urban
L00308,A00387,428.78,240,1,Rural
L00309,A00244,435.19,240,0,Semiurban
L00310,A00557,268.23,300,1,Rural
L00311,A00447,172.06,180,1,Rural
L00312,A00147,398.7,120,0,Semiurban
L00313,A00183,396.0,300,1,Urban
L00314,A00882,635.95,120,0,Urban
L00315,A00236,169.9,240,0,Semiurban
L00316,A00995,288.25,360,1,Semiurban
L00317,A00031,440.97,180,1,Semiurban
L00318,A00491,242.81,300,1,Urban
L00319,A00057,243.53,360,1,Rural
L00320,A00054,617.98,120,0,Semiurban
L00321,A00178,325.78,240,1,Rural
L00322,A00125,236.72,120,0,Rural
L00323,A00035,126.37,360,1,Urban
L00324,A00936,505.15,240,1,Rural
L00325,A00785,179.52,300,1,Rural
L00326,A00125,622.58,240,1,Urban
L00327,A00748,113.8,120,0,Semiurban
L00328,A00315,118.65,180,0,Rural
L00329,A00347,488.59,360,1,Urban
L00330,A00904,582.45,300,0,Urban
L00331,A00260,473.28,180,0,Semiurban
L00332,A00059,84.71,240,1,Semiurban
L00333,A00825,514.86,300,0,Rural
L00334,A00398,307.54,120,1,Rural
L00335,A00144,643.52,240,0,Semiurban
L00336,A00977,183.89,240,1,Rural
L00337,A00046,208.54,240,1,Semiurban
L00338,A00587,588.42,240,1,Semiurban
L00339,A00673,533.72,180,0,Rural
L00340,A00957,411.11,300,0,Urban
L00341,A00003,342.88,360,1,Rural
L00342,A00719,464.9,180,1,Rural
L00343,A00408,487.27,240,0,Rural
L00344,A00728,123.89,240,0,Urban
L00345,A00724,285.75,300,1,Rural
L00346,A00552,125.04,120,0,Rural
L00347,A00573,329.29,360,0,Urban
L00348,A00027,304.18,240,0,Semiurban
L00349,A00262,220.62,300,1,Semiurban
L00350,A00413,564.92,120,1,Rural
L00351,A00003,338.84,300,1,Urban
L00352,A00867,594.22,120,1,Semiurban
L00353,A00272,457.21,300,1,Urban
L00354,A00197,470.71,240,0,Rural
L00355,A00504,557.37,120,1,Semiurban
L00356,A00188,536.74,120,0,Semiurban
L00357,A00802,597.5,300,0,Rural
L00358,A00765,320.79,120,0,Urban
L00359,A00958,119.1,360,0,Semiurban
L00360,A00477,204.89,300,1,Semiurban
L00361,A00298,570.14,360,1,Semiurban
L00362,A00045,156.84,240,1,Rural
L00363,A00943,668.47,180,0,Rural
L00364,A00758,98.6,360,1,Rural
L00365,A00616,642.11,120,0,Urban
L00366,A00308,450.99,300,1,Urban
L00367,A00969,570.35,300,1,Semiurban
L00368,A00412,504.59,180,1,Urban
L00369,A00225,313.73,300,0,Semiurban
L00370,A00021,253.82,300,1,Semiurban
L00371,A00629,693.1,120,0,Urban
L00372,A00843,147.43,180,1,Urban
L00373,A00191,522.88,360,0,Urban
L00374,A00347,566.18,240,0,Rural
L00375,A00067,346.32,180,1,Semiurban
L00376,A00082,145.04,240,0,Rural
L00377,A00171,271.76,120,1,Urban
L00378,A00579,440.96,360,1,Urban
L00379,A00755,683.93,180,1,Rural
L00380,A00679,509.87,360,1,Urban
L00381,A00778,193.84,120,0,Urban
L00382,A00566,690.37,240,0,Rural
L00383,A00710,625.84,120,0,Rural
L00384,A00835,108.83,120,1,Semiurban
L00385,A00757,673.81,120,1,Rural
L00386,A00855,597.26,180,1,Urban
L00387,A00616,564.05,300,1,Semiurban
L00388,A00587,538.61,120,1,Rural
L00389,A00016,231.56,300,0,Rural
L00390,A00384,664.74,360,1,Rural
L00391,A00377,103.72,300,0,Urban
L00392,A00778,164.45,300,0,Urban
L00393,A00967,463.61,240,0,Urban
L00394,A00851,699.24,180,0,Urban
L00395,A00935,207.0,240,0,Urban
L00396,A00448,458.24,360,0,Urban
L00397,A00617,476.39,180,1,Rural
L00398,A00568,651.08,300,1,Semiurban
L00399,A00938,488.53,180,1,Urban
L00400,A00458,57.45,360,1,Semiurban
L00401,A00836,493.72,240,0,Semiurban
L00402,A00323,615.25,240,1,Urban
L00403,A00827,197.29,360,1,Urban
L00404,A00926,579.14,360,0,Semiurban
L00405,A00070,249.25,120,0,Semiurban
L00406,A00523,56.63,180,0,Semiurban
L00407,A00137,594.54,300,1,Urban
L00408,A00470,128.64,120,1,Semiurban
L00409,A00002,139.74,240,1,Urban
L00410,A00702,56.76,240,1,Rural
L00411,A00292,143.84,240,0,Urban
L00412,A00718,453.83,180,1,Semiurban
L00413,A00311,91.76,300,0,Rural
L00414,A00409,426.49,240,1,Rural
L00415,A00549,323.79,120,1,Urban
L00416,A00330,564.55,300,1,Semiurban
L00417,A00495,656.56,120,0,Semiurban
L00418,A00338,481.26,240,0,Semiurban
L00419,A00132,389.61,120,0,Semiurban
L00420,A00316,524.62,120,0,Rural
L00421,A00056,410.72,300,1,Rural
L00422,A00578,579.09,300,1,Rural
L00423,A00191,579.98,240,0,Semiurban
L00424,A00792,575.67,360,1,Semiurban
L00425,A00811,655.52,360,0,Semiurban
L00426,A00319,493.39,240,0,Rural
L00427,A00516,405.78,120,1,Urban
L00428,A00162,650.44,120,0,Rural
L00429,A00939,212.92,240,0,Semiurban
L00430,A00352,111.14,180,0,Urban
L00431,A00006,317.79,360,0,Semiurban
L00432,A00473,220.43,360,1,Rural
L00433,A00074,523.36,240,1,Rural
L00434,A00228,686.05,360,1,Semiurban
L00435,A00302,73.01,120,1,Semiurban
L00436,A00842,439.09,180,0,Semiurban
L00437,A00676,269.97,360,0,Urban
L00438,A00964,274.36,180,0,Semiurban
L00439,A00729,468.8,120,0,Semiurban
L00440,A00759,464.97,240,0,Semiurban
L00441,A00048,645.68,300,0,Rural
L00442,A00641,567.79,120,1,Rural
L00443,A00932,379.33,300,0,Semiurban
L00444,A00841,523.09,360,0,Urban
L00445,A00334,617.79,120,0,Urban
L00446,A00976,322.11,240,1,Urban
L00447,A00995,657.68,300,0,Rural
L00448,A00411,324.72,240,1,Urban
L00449,A00308,432.12,240,0,Urban
L00450,A00393,167.62,240,1,Rural
L00451,A00052,393.11,180,0,Rural
L00452,A00950,158.74,180,0,Semiurban
L00453,A00997,521.57,300,0,Urban
L00454,A00410,191.51,240,1,Urban
L00455,A00805,460.69,240,0,Rural
L00456,A00709,88.24,180,1,Urban
L00457,A00891,491.9,180,0,Rural
L00458,A00645,314.63,360,1,Semiurban
L00459,A00709,145.69,300,0,Rural
L00460,A00844,252.84,300,1,Semiurban
L00461,A00443,490.46,360,1,Rural
L00462,A00456,532.22,120,0,Rural
L00463,A00293,441.27,360,1,Urban
L00464,A00685,598.96,180,0,Urban
L00465,A00357,332.27,360,1,Rural
L00466,A00379,398.08,360,1,Rural
L00467,A00369,689.98,240,1,Rural
L00468,A00018,199.18,360,1,Semiurban
L00469,A00195,340.03,300,1,Urban
L00470,A00191,551.01,240,1,Urban
L00471,A00517,491.98,240,1,Urban
L00472,A00126,530.16,360,1,Rural
L00473,A00046,384.02,360,1,Urban
L00474,A00532,434.24,360,0,Rural
L00475,A00363,464.26,240,1,Rural
L00476,A00327,391.11,120,1,Urban
L00477,A00587,365.8,300,1,Rural
L00478,A00146,331.34,240,1,Semiurban
L00479,A00465,459.13,180,0,Semiurban
L00480,A00081,442.9,240,1,Semiurban
L00481,A00286,87.15,300,1,Urban
L00482,A00092,180.98,180,0,Semiurban
L00483,A00036,481.68,360,0,Semiurban
L00484,A00656,594.32,300,1,Rural
L00485,A00108,607.68,240,1,Urban
L00486,A00707,648.78,240,0,Urban
L00487,A00774,602.19,240,1,Rural
L00488,A00922,451.22,300,1,Urban
L00489,A00768,128.54,120,1,Rural
L00490,A00650,689.42,120,0,Semiurban
L00491,A00185,691.67,300,0,Semiurban
L00492,A00921,650.49,180,0,Urban
L00493,A00189,601.39,300,1,Urban
L00494,A00384,336.84,360,0,Urban
L00495,A00196,419.59,120,0,Urban
L00496,A00344,158.52,180,0,Semiurban
L00497,A00544,525.94,240,0,Urban
L00498,A00508,409.56,300,1,Rural
L00499,A00390,112.6,180,1,Semiurban
L00500,A00993,586.01,300,0,Semiurban
L00501,A00259,641.08,360,1,Urban
L00502,A00422,234.33,240,0,Semiurban
L00503,A00046,330.51,120,0,Urban
L00504,A00481,541.19,240,0,Rural
L00505,A00858,672.16,240,0,Rural
L00506,A00185,235.71,180,1,Urban
L00507,A00845,166.74,240,1,Urban
L00508,A00522,163.37,180,1,Rural
L00509,A00140,181.52,180,1,Semiurban
L00510,A00746,499.32,120,0,Rural
L00511,A00948,363.91,120,1,Rural
L00512,A00703,436.71,180,1,Rural
L00513,A00895,102.38,120,1,Rural
L00514,A00772,339.92,300,0,Rural
L00515,A00702,245.39,360,0,Rural
L00516,A00042,276.67,360,0,Rural
L00517,A00987,177.41,360,0,Semiurban
L00518,A00840,84.08,360,1,Rural
L00519,A00555,475.56,300,1,Rural
L00520,A00839,547.83,240,0,Semiurban
L00521,A00632,455.37,240,0,Rural
L00522,A00591,550.02,180,1,Rural
L00523,A00832,120.68,240,0,Urban
L00524,A00530,356.92,120,1,Urban
L00525,A00638,54.29,180,0,Semiurban
L00526,A00015,476.55,180,0,Semiurban
L00527,A00976,185.43,360,0,Urban
L00528,A00243,367.47,180,0,Rural
L00529,A00015,122.54,120,1,Rural
L00530,A00344,168.5,300,1,Rural
L00531,A00283,337.2,240,0,Rural
L00532,A00971,575.4,180,1,Urban
L00533,A00866,446.42,240,1,Rural
L00534,A00239,574.34,180,1,Urban
L00535,A00406,442.1,360,1,Semiurban
L00536,A00075,217.99,360,1,Semiurban
L00537,A00435,78.76,120,0,Urban
L00538,A00368,54.0,120,0,Urban
L00539,A00622,421.39,180,1,Semiurban
L00540,A00677,616.18,120,1,Rural
L00541,A00892,214.88,360,1,Rural
L00542,A00308,196.29,360,1,Semiurban
L00543,A00961,564.94,360,0,Rural
L00544,A00988,327.19,300,0,Rural
L00545,A00407,589.36,300,1,Rural
L00546,A00047,184.3,120,1,Rural
L00547,A00170,414.11,120,0,Urban
L00548,A00627,207.68,360,1,Rural
L00549,A00369,431.15,120,0,Rural
L00550,A00938,678.87,360,1,Urban
L00551,A00619,576.76,240,1,Urban
L00552,A00015,57.99,300,1,Urban
L00553,A00091,370.14,240,1,Urban
L00554,A00863,404.74,120,1,Semiurban
L00555,A00813,415.33,120,0,Rural
L00556,A00398,65.59,180,0,Rural
L00557,A00213,399.89,360,1,Urban
L00558,A00089,249.59,360,0,Rural
L00559,A00494,335.76,360,0,Semiurban
L00560,A00137,658.14,180,0,Rural
L00561,A00348,154.99,180,1,Semiurban
L00562,A00576,514.62,180,1,Rural
L00563,A00052,521.05,120,0,Rural
L00564,A00087,526.91,240,0,Semiurban
L00565,A00190,215.23,240,0,Semiurban
L00566,A00511,672.62,180,1,Urban
L00567,A00365,591.23,360,1,Urban
L00568,A00727,367.18,120,1,Semiurban
L00569,A00078,488.84,300,0,Semiurban
L00570,A00818,143.78,180,1,Urban
L00571,A00485,269.61,300,1,Rural
L00572,A00653,55.01,300,1,Urban
L00573,A00337,688.19,240,0,Urban
L00574,A00342,247.71,360,0,Urban
L00575,A00367,487.64,300,1,Urban
L00576,A00292,144.68,360,0,Rural
L00577,A00597,351.78,240,1,Rural
L00578,A00363,178.07,180,0,Semiurban
L00579,A00701,442.21,240,0,Urban
L00580,A00287,438.65,300,0,Rural
L00581,A00355,92.99,360,0,Rural
L00582,A00234,76.21,360,1,Rural
L00583,A00040,525.45,300,0,Semiurban
L00584,A00827,291.86,180,1,Semiurban
L00585,A00893,138.77,120,1,Semiurban
L00586,A00280,254.28,240,1,Urban
L00587,A00630,338.63,300,1,Urban
L00588,A00756,513.19,120,1,Urban
L00589,A00952,522.19,240,1,Rural
L00590,A00326,272.5,180,0,Rural
L00591,A00909,99.36,300,1,Urban
L00592,A00374,356.21,360,0,Semiurban
L00593,A00701,396.58,180,0,Rural
L00594,A00149,236.94,120,1,Rural
L00595,A00563,277.42,180,1,Rural
L00596,A00462,551.9,240,1,Urban
L00597,A00518,514.02,120,0,Urban
L00598,A00589,69.53,120,1,Urban
L00599,A00845,482.25,180,1,Rural
L00600,A00502,106.78,360,0,Urban
L00601,A00899,127.57,360,0,Urban
L00602,A00012,650.37,300,1,Urban
L00603,A00486,457.98,360,0,Rural
L00604,A00653,323.8,360,0,Rural
L00605,A00873,256.37,240,0,Urban
L00606,A00314,117.74,180,0,Semiurban
L00607,A00472,374.4,240,1,Urban
L00608,A00560,370.37,360,0,Urban
L00609,A00154,599.54,120,0,Rural
L00610,A00079,253.99,240,1,Semiurban
L00611,A00914,51.23,360,1,Rural
L00612,A00025,562.83,180,0,Semiurban
L00613,A00877,339.77,360,1,Urban
L00614,A00771,151.64,240,0,Urban
L00615,A00862,492.52,300,0,Semiurban
L00616,A00574,530.69,120,0,Rural
L00617,A00931,506.37,180,1,Urban
L00618,A00213,630.73,240,0,Rural
L00619,A00397,691.99,180,1,Semiurban
L00620,A00995,252.16,300,0,Rural
L00621,A00049,283.37,180,0,Urban
L00622,A00637,393.3,180,1,Semiurban
L00623,A00419,316.34,240,0,Semiurban
L00624,A00553,622.42,180,0,Rural
L00625,A00325,260.68,300,1,Rural
L00626,A00457,561.94,360,1,Rural
L00627,A00896,114.87,240,0,Rural
L00628,A00047,503.83,120,0,Rural
L00629,A00829,598.38,120,0,Semiurban
L00630,A00648,467.84,120,0,Urban
L00631,A00726,98.27,360,0,Semiurban
L00632,A00464,451.53,360,1,Rural
L00633,A00425,695.43,240,0,Urban
L00634,A00718,457.28,120,1,Semiurban
L00635,A00115,660.45,180,0,Rural
L00636,A00706,569.67,120,0,Urban
L00637,A00533,571.56,300,1,Urban
L00638,A00394,98.92,240,0,Urban
L00639,A00493,447.69,180,1,Urban
L00640,A00171,67.04,360,0,Semiurban
L00641,A00377,155.27,300,0,Urban
L00642,A00207,110.74,240,1,Rural
L00643,A00516,533.76,300,1,Rural
L00644,A00688,234.26,120,1,Urban
L00645,A00239,332.21,360,1,Semiurban
L00646,A00699,376.98,180,0,Semiurban
L00647,A00605,490.63,300,1,Urban
L00648,A00498,68.29,180,1,Rural
L00649,A00812,137.02,300,1,Rural
L00650,A00439,236.99,180,0,Rural
L00651,A00893,567.8,180,1,Urban
L00652,A00953,579.33,180,1,Urban
L00653,A00277,190.4,180,0,Urban
L00654,A00651,501.03,120,1,Rural
L00655,A00103,593.66,240,0,Urban
L00656,A00758,274.95,300,0,Rural
L00657,A00817,73.34,300,1,Semiurban
L00658,A00935,624.64,360,1,Semiurban
L00659,A00806,187.27,180,1,Rural
L00660,A00821,390.06,300,1,Urban
L00661,A00042,665.46,300,0,Urban
L00662,A00635,459.87,360,1,Urban
L00663,A00116,434.13,360,1,Urban
L00664,A00085,245.2,240,1,Urban
L00665,A00090,194.45,360,0,Rural
L00666,A00989,129.02,240,0,Rural
L00667,A00318,590.96,360,0,Urban
L00668,A00256,576.82,120,0,Urban
L00669,A00162,136.26,120,0,Rural
L00670,A00976,70.88,360,1,Semiurban
L00671,A00695,342.35,360,0,Semiurban
L00672,A00865,425.31,180,0,Urban
L00673,A00371,124.13,360,0,Semiurban
L00674,A00966,248.13,240,1,Rural
L00675,A00356,653.27,300,1,Semiurban
L00676,A00634,301.37,360,1,Rural
L00677,A00601,649.55,180,0,Rural
L00678,A00494,425.32,360,1,Urban
L00679,A00058,53.65,120,1,Rural
L00680,A00078,98.69,360,1,Urban
L00681,A00349,153.35,360,1,Urban
L00682,A00355,552.96,360,1,Semiurban
L00683,A00743,374.24,120,0,Urban
L00684,A00125,361.9,360,1,Rural
L00685,A00448,517.47,180,0,Rural
L00686,A00806,359.5,240,1,Urban
L00687,A00815,656.53,300,0,Urban
L00688,A00760,491.23,360,0,Rural
L00689,A00653,208.51,120,1,Rural
L00690,A00744,192.42,360,0,Semiurban
L00691,A00720,103.91,300,0,Semiurban
L00692,A00026,628.21,180,1,Rural
L00693,A00377,607.15,180,1,Semiurban
L00694,A00382,364.55,300,1,Semiurban
L00695,A00090,383.54,300,1,Urban
L00696,A00239,263.72,360,0,Semiurban
L00697,A00275,363.45,360,1,Rural
L00698,A00692,175.15,300,0,Urban
L00699,A00030,100.98,300,1,Urban
L00700,A00649,396.19,240,0,Semiurban
L00701,A00188,154.02,180,1,Semiurban
L00702,A00969,626.63,120,1,Rural
L00703,A00805,584.1,240,1,Semiurban
L00704,A00993,580.9,300,1,Urban
L00705,A00379,144.3,360,0,Semiurban
L00706,A00231,290.31,120,1,Semiurban
L00707,A00875,585.69,180,0,Rural
L00708,A00564,610.04,300,1,Semiurban
L00709,A00019,471.98,120,1,Rural
L00710,A00491,469.3,300,0,Urban
L00711,A00059,601.18,180,0,Urban
L00712,A00082,73.43,240,1,Rural
L00713,A00183,376.75,180,0,Semiurban
L00714,A00172,351.01,300,0,Urban
L00715,A00711,373.16,360,1,Rural
L00716,A00329,243.86,240,1,Semiurban
L00717,A00669,672.34,360,0,Urban
L00718,A00556,512.6,180,0,Semiurban
L00719,A00595,664.88,240,1,Rural
L00720,A00573,677.45,360,0,Rural
L00721,A00854,149.17,300,0,Urban
L00722,A00429,142.98,120,0,Urban
L00723,A00954,269.24,180,1,Urban
L00724,A00990,395.92,300,1,Rural
L00725,A00777,209.52,180,0,Rural
L00726,A00190,544.28,180,1,Semiurban
L00727,A00473,272.08,240,0,Rural
L00728,A00145,363.94,240,1,Rural
L00729,A00087,599.72,180,0,Urban
L00730,A00065,243.52,240,1,Urban
L00731,A00266,152.26,240,0,Urban
L00732,A00130,651.92,300,0,Urban
L00733,A00057,515.09,120,1,Semiurban
L00734,A00248,430.78,240,0,Semiurban
L00735,A00947,144.31,360,0,Semiurban
L00736,A00499,322.19,120,0,Rural
L00737,A00901,487.88,300,0,Urban
L00738,A00561,194.89,120,0,Semiurban
L00739,A00631,536.23,180,0,Urban
L00740,A00480,368.01,360,1,Urban
L00741,A00095,597.62,300,1,Urban
L00742,A00158,616.2,120,0,Semiurban
L00743,A00830,345.88,180,1,Rural
L00744,A00217,242.69,360,0,Urban
L00745,A00893,108.44,300,1,Urban
L00746,A00670,249.77,180,0,Rural
L00747,A00966,575.26,300,0,Rural
L00748,A00098,479.13,360,1,Urban
L00749,A00933,618.59,300,1,Urban
L00750,A00263,155.46,120,1,Urban
L00751,A00376,157.86,180,1,Urban
L00752,A00653,692.16,360,0,Semiurban
L00753,A00548,165.77,120,0,Rural
L00754,A00969,64.91,360,1,Semiurban
L00755,A00120,378.11,180,1,Semiurban
L00756,A00429,610.48,300,0,Rural
L00757,A00701,55.03,300,0,Urban
L00758,A00960,305.71,180,1,Urban
L00759,A00555,641.17,360,1,Semiurban
L00760,A00707,561.22,180,0,Rural
L00761,A00630,454.41,120,1,Urban
L00762,A00707,467.92,120,0,Urban
L00763,A00576,596.1,180,0,Semiurban
L00764,A00218,313.09,240,1,Rural
L00765,A00292,686.69,240,0,Semiurban
L00766,A00484,173.48,240,1,Urban
L00767,A00775,362.79,360,1,Semiurban
L00768,A00988,519.85,120,0,Urban
L00769,A00701,469.71,300,0,Urban
L00770,A00834,195.42,120,0,Urban
L00771,A00616,408.17,240,1,Urban
L00772,A00051,363.47,180,0,Semiurban
L00773,A00857,365.13,240,1,Urban
L00774,A00274,226.23,360,0,Urban
L00775,A00758,527.38,360,1,Rural
L00776,A00593,459.71,300,1,Urban
L00777,A00757,79.16,180,1,Rural
L00778,A00233,354.53,180,0,Semiurban
L00779,A00195,692.47,120,0,Rural
L00780,A00659,695.76,300,1,Semiurban
L00781,A00924,183.43,240,1,Semiurban
L00782,A00716,666.99,300,0,Rural
L00783,A00678,350.68,300,1,Urban
L00784,A00359,128.1,360,1,Rural
L00785,A00684,651.41,180,1,Rural
L00786,A00751,682.09,120,1,Semiurban
L00787,A00601,226.76,180,0,Rural
L00788,A00717,130.12,300,0,Rural
L00789,A00855,518.4,120,0,Rural
L00790,A00362,330.47,180,0,Rural
L00791,A00746,248.07,240,1,Rural
L00792,A00028,546.76,180,1,Rural
L00793,A00822,190.21,360,1,Urban
L00794,A00083,487.52,240,1,Urban
L00795,A00625,75.3,360,0,Semiurban
L00796,A00362,660.04,120,0,Urban
L00797,A00869,654.85,300,1,Semiurban
L00798,A00177,229.29,360,0,Urban
L00799,A00084,222.9,240,1,Urban
L00800,A00405,594.14,120,1,Rural
L00801,A00486,495.88,180,1,Rural
L00802,A00823,463.13,300,0,Semiurban
L00803,A00976,184.22,120,0,Urban
L00804,A00964,599.35,360,1,Urban
L00805,A00030,404.93,120,1,Semiurban
L00806,A00810,95.29,180,1,Semiurban
L00807,A00679,267.0,240,0,Urban
L00808,A00712,524.33,300,0,Semiurban
L00809,A00281,620.4,180,1,Semiurban
L00810,A00733,236.79,180,0,Rural
L00811,A00646,644.06,360,0,Semiurban
L00812,A00385,109.3,360,1,Rural
L00813,A00356,467.87,360,1,Rural
L00814,A00430,622.73,240,0,Rural
L00815,A00373,180.17,240,1,Urban
L00816,A00845,385.52,120,1,Rural
L00817,A00961,501.92,120,1,Urban
L00818,A00856,698.94,120,0,Rural
L00819,A00116,327.53,300,1,Urban
L00820,A00699,131.95,120,0,Urban
L00821,A00277,212.54,180,0,Rural
L00822,A00995,224.03,120,0,Rural
L00823,A00247,182.67,240,0,Rural
L00824,A00475,148.18,120,1,Semiurban
L00825,A00369,643.09,300,1,Urban
L00826,A00002,330.93,360,1,Rural
L00827,A00621,174.27,240,0,Rural
L00828,A00369,399.75,120,1,Semiurban
L00829,A00346,499.38,120,0,Rural
L00830,A00312,475.25,360,1,Urban
L00831,A00302,442.27,180,0,Semiurban
L00832,A00022,170.58,300,1,Semiurban
L00833,A00973,266.05,180,1,Rural
L00834,A00943,496.82,300,0,Urban
L00835,A00046,649.42,360,1,Urban
L00836,A00529,231.41,360,0,Semiurban
L00837,A00763,148.64,360,0,Rural
L00838,A00124,586.58,120,1,Urban
L00839,A00350,321.26,240,0,Urban
L00840,A00477,546.71,240,0,Urban
L00841,A00444,109.72,360,1,Semiurban
L00842,A00812,620.78,180,0,Rural
L00843,A00246,90.72,120,1,Urban
L00844,A00094,245.15,240,1,Rural
L00845,A00675,436.86,180,1,Urban
L00846,A00830,647.33,360,1,Urban
L00847,A00996,699.03,240,0,Urban
L00848,A00227,624.93,120,0,Semiurban
L00849,A00288,298.0,240,1,Urban
L00850,A00049,239.44,120,0,Urban
L00851,A00728,574.53,180,0,Urban
L00852,A00363,602.05,240,1,Semiurban
L00853,A00347,341.01,360,1,Semiurban
L00854,A00121,70.31,360,1,Urban
L00855,A00131,58.58,180,0,Urban
L00856,A00591,510.46,120,0,Rural
L00857,A00862,129.63,300,1,Urban
L00858,A00508,168.81,240,0,Rural
L00859,A00978,653.3,120,1,Urban
L00860,A00474,289.74,120,1,Rural
L00861,A00251,306.03,120,0,Rural
L00862,A00595,64.69,120,0,Rural
L00863,A00022,590.49,300,0,Semiurban
L00864,A00558,309.66,300,0,Semiurban
L00865,A00714,323.38,120,1,Rural
L00866,A00772,289.22,360,0,Rural
L00867,A00047,103.46,180,1,Rural
L00868,A00937,412.92,300,0,Rural
L00869,A00758,633.82,360,1,Semiurban
L00870,A00943,431.51,120,0,Semiurban
L00871,A00913,404.85,240,0,Semiurban
L00872,A00866,511.06,300,1,Rural
L00873,A00802,215.81,180,0,Urban
L00874,A00171,368.79,180,1,Rural
L00875,A00396,153.66,120,0,Rural
L00876,A00598,311.13,120,0,Semiurban
L00877,A00550,378.7,300,1,Semiurban
L00878,A00250,455.78,360,1,Urban
L00879,A00224,81.49,120,1,Rural
L00880,A00150,256.96,360,0,Urban
L00881,A00867,694.74,360,0,Rural
L00882,A00837,683.33,240,1,Urban
L00883,A00833,348.84,180,1,Urban
L00884,A00830,179.29,240,0,Semiurban
L00885,A00140,444.84,120,1,Rural
L00886,A00953,466.7,240,0,Rural
L00887,A00653,192.06,360,1,Urban
L00888,A00350,129.67,300,1,Rural
L00889,A00974,338.43,120,0,Rural
L00890,A00414,657.46,180,0,Semiurban
L00891,A00995,151.43,300,1,Rural
L00892,A00606,241.91,120,0,Semiurban
L00893,A00018,651.22,300,1,Urban
L00894,A00542,647.03,240,0,Semiurban
L00895,A00605,351.96,180,0,Urban
L00896,A00698,451.6,360,1,Semiurban
L00897,A00470,623.79,180,0,Rural
L00898,A00182,618.31,360,1,Urban
L00899,A00910,57.39,240,0,Urban
L00900,A00948,687.26,300,1,Urban
L00901,A00073,231.53,180,1,Rural
L00902,A00417,532.6,180,1,Urban
L00903,A00052,547.15,360,0,Semiurban
L00904,A00147,174.66,240,1,Urban
L00905,A00163,194.88,120,1,Rural
L00906,A00500,625.5,120,1,Rural
L00907,A00531,158.29,240,1,Urban
L00908,A00988,213.66,180,1,Rural
L00909,A00673,138.68,360,1,Semiurban
L00910,A00965,517.51,300,1,Rural
L00911,A00223,169.56,120,1,Urban
L00912,A00018,373.39,240,0,Semiurban
L00913,A00316,258.22,120,1,Rural
L00914,A00648,643.03,240,0,Urban
L00915,A00463,422.14,240,1,Rural
L00916,A00754,533.92,360,0,Urban
L00917,A00789,506.05,240,0,Urban
L00918,A00741,363.52,120,0,Urban
L00919,A00682,227.62,360,1,Rural
L00920,A00206,547.61,180,0,Urban
L00921,A00813,484.3,120,1,Rural
L00922,A00660,474.46,120,0,Rural
L00923,A00426,102.3,300,0,Rural
L00924,A00765,602.51,240,1,Urban
L00925,A00092,451.38,360,1,Rural
L00926,A00376,314.52,180,1,Semiurban
L00927,A00709,563.47,180,1,Rural
L00928,A00856,489.6,240,1,Semiurban
L00929,A00644,563.5,300,1,Semiurban
L00930,A00669,353.25,120,0,Rural
L00931,A00828,610.94,360,0,Rural
L00932,A00971,442.5,180,0,Semiurban
L00933,A00415,71.93,360,0,Rural
L00934,A00014,444.74,120,0,Urban
L00935,A00331,333.22,300,1,Urban
L00936,A00277,420.6,120,0,Semiurban
L00937,A00233,509.98,300,1,Semiurban
L00938,A00351,347.5,180,0,Urban
L00939,A00750,499.92,180,1,Semiurban
L00940,A00392,525.05,120,1,Semiurban
L00941,A00668,404.9,120,1,Rural
L00942,A00338,396.73,180,0,Rural
L00943,A00092,440.12,300,1,Semiurban
L00944,A00493,248.16,300,1,Urban
L00945,A00764,58.46,300,0,Semiurban
L00946,A00982,249.32,180,0,Urban
L00947,A00991,287.18,300,0,Rural
L00948,A00375,691.95,180,0,Urban
L00949,A00321,618.2,120,1,Rural
L00950,A00573,694.38,240,0,Rural
L00951,A00857,303.4,300,0,Urban
L00952,A00770,350.08,300,1,Urban
L00953,A00663,606.11,360,0,Semiurban
L00954,A00881,342.07,360,0,Rural
L00955,A00395,629.99,120,0,Rural
L00956,A00062,148.45,300,1,Semiurban
L00957,A00703,402.99,360,0,Rural
L00958,A00630,188.53,300,0,Semiurban
L00959,A00596,233.9,180,0,Urban
L00960,A00494,222.47,180,1,Semiurban
L00961,A00762,524.01,300,0,Rural
L00962,A00912,59.79,360,1,Urban
L00963,A00540,632.71,180,1,Urban
L00964,A00998,603.04,180,0,Rural
L00965,A00898,551.3,180,1,Urban
L00966,A00393,178.11,240,0,Semiurban
L00967,A00733,201.3,300,0,Semiurban
L00968,A00029,472.25,300,0,Semiurban
L00969,A00395,446.3,240,1,Rural
L00970,A00590,626.03,180,1,Urban
L00971,A00951,262.91,360,0,Rural
L00972,A00153,52.27,180,0,Rural
L00973,A00123,355.28,120,1,Semiurban
L00974,A00577,561.64,300,0,Semiurban
L00975,A00220,123.99,180,1,Rural
L00976,A00300,599.73,180,0,Semiurban
L00977,A00950,571.32,120,1,Rural
L00978,A00662,458.63,360,0,Rural
L00979,A00184,172.75,180,0,Semiurban
L00980,A00109,201.96,120,0,Semiurban
L00981,A00344,494.32,240,0,Semiurban
L00982,A00051,195.93,240,1,Semiurban
L00983,A00619,450.8,240,0,Rural
L00984,A00098,687.84,300,1,Rural
L00985,A00011,511.09,300,1,Rural
L00986,A00702,206.83,300,0,Rural
L00987,A00159,596.37,240,0,Rural
L00988,A00219,678.4,240,1,Urban
L00989,A00004,331.39,240,1,Rural
L00990,A00631,291.19,240,0,Urban
L00991,A00133,56.6,360,1,Urban
L00992,A00636,615.41,120,0,Rural
L00993,A00980,356.81,120,1,Semiurban
L00994,A00018,298.68,300,0,Semiurban
L00995,A00938,455.98,300,1,Semiurban
L00996,A00013,212.57,300,1,Semiurban
L00997,A00231,61.03,240,0,Semiurban
L00998,A00780,152.6,300,1,Urban
L00999,A00199,115.33,360,1,Semiurban
L01000,A00974,522.02,240,1,Urban
L01001,A00570,135.38,180,1,Urban
L01002,A00059,136.5,120,0,Semiurban
L01003,A00404,438.64,120,0,Rural
L01004,A00715,528.89,360,1,Rural
L01005,A00099,69.89,180,1,Rural
L01006,A00329,128.09,240,1,Urban
L01007,A00958,698.13,300,0,Urban
L01008,A00251,336.7,120,0,Semiurban
L01009,A00988,109.75,300,1,Urban
L01010,A00790,678.94,360,0,Urban
L01011,A00732,113.3,120,0,Urban
L01012,A00260,312.8,300,0,Urban
L01013,A00130,538.25,360,1,Rural
L01014,A00284,281.32,180,0,Urban
L01015,A00761,351.4,240,0,Rural
L01016,A00686,394.63,180,0,Semiurban
L01017,A00422,583.03,300,1,Urban
L01018,A00254,329.58,180,0,Rural
L01019,A00182,182.04,360,0,Rural
L01020,A00161,677.67,240,1,Semiurban
L01021,A00241,612.3,300,0,Rural
L01022,A00982,552.91,300,1,Rural
L01023,A00065,353.74,300,0,Semiurban
L01024,A00040,575.14,300,0,Rural
L01025,A00509,56.7,300,0,Rural
L01026,A00297,572.7,120,1,Rural
L01027,A00174,173.39,180,0,Rural
L01028,A00488,93.7,360,1,Rural
L01029,A00510,294.0,120,1,Semiurban
L01030,A00422,631.29,180,0,Rural
L01031,A00160,487.97,120,0,Rural
L01032,A00924,291.83,120,1,Rural
L01033,A00888,79.27,360,1,Semiurban
L01034,A00586,685.59,300,0,Semiurban
L01035,A00173,560.01,120,0,Semiurban
L01036,A00741,578.98,180,0,Rural
L01037,A00182,403.1,120,1,Semiurban
L01038,A00649,468.97,180,1,Urban
L01039,A00473,680.79,360,0,Semiurban
L01040,A00026,625.46,360,0,Urban
L01041,A00496,516.57,120,1,Urban
L01042,A00054,401.69,240,1,Urban
L01043,A00270,381.76,360,1,Urban
L01044,A00717,644.95,240,0,Rural
L01045,A00513,122.0,120,1,Urban
L01046,A00190,463.09,360,0,Urban
L01047,A00432,312.77,240,0,Rural
L01048,A00447,667.55,300,1,Semiurban
L01049,A00584,587.73,300,0,Urban
L01050,A00408,681.35,120,0,Semiurban
L01051,A00874,449.64,360,1,Semiurban
L01052,A00714,449.91,360,0,Semiurban
L01053,A00011,487.84,300,1,Urban
L01054,A00962,433.86,360,1,Rural
L01055,A00975,312.34,120,0,Semiurban
L01056,A00278,237.23,300,1,Urban
L01057,A00186,576.72,300,1,Rural
L01058,A00528,528.19,240,1,Urban
L01059,A00939,157.7,240,1,Rural
L01060,A00206,271.19,240,1,Urban
L01061,A00176,522.91,120,1,Urban
L01062,A00596,618.85,240,0,Semiurban
L01063,A00797,560.59,240,1,Urban
L01064,A00890,129.17,120,0,Rural
L01065,A00050,173.78,300,1,Urban
L01066,A00536,176.21,300,1,Semiurban
L01067,A00770,357.3,300,0,Urban
L01068,A00352,345.63,120,0,Urban
L01069,A00317,675.57,180,1,Rural
L01070,A00260,407.36,360,0,Rural
L01071,A00728,229.59,240,1,Rural
L01072,A00283,560.36,120,0,Urban
L01073,A00588,240.89,300,1,Urban
L01074,A00137,202.2,120,1,Rural
L01075,A00434,499.51,300,1,Semiurban
L01076,A00574,509.91,180,0,Rural
L01077,A00043,583.03,360,1,Semiurban
L01078,A00415,596.14,360,0,Semiurban
L01079,A00568,468.27,120,0,Urban
L01080,A00567,463.35,360,1,Semiurban
L01081,A00649,481.6,240,0,Urban
L01082,A00096,210.06,300,0,Rural
L01083,A00893,445.59,300,1,Urban
L01084,A00031,254.56,180,0,Rural
L01085,A00723,216.02,240,1,Semiurban
L01086,A00888,286.61,300,1,Rural
L01087,A00284,479.04,300,1,Urban
L01088,A00797,224.65,360,1,Urban
L01089,A00612,384.56,120,0,Semiurban
L01090,A00005,436.21,360,1,Urban
L01091,A00953,408.34,360,0,Semiurban
L01092,A00775,660.42,240,0,Semiurban
L01093,A00993,336.71,180,1,Semiurban
L01094,A00772,436.17,120,1,Rural
L01095,A00519,684.33,300,0,Rural
L01096,A00660,69.07,360,1,Rural
L01097,A00370,580.08,360,1,Semiurban
L01098,A00636,493.53,180,1,Rural
L01099,A00055,282.78,240,0,Semiurban
L01100,A00072,405.41,360,0,Urban
L01101,A00818,606.06,300,0,Rural
L01102,A00511,581.73,300,0,Semiurban
L01103,A00074,261.16,120,1,Semiurban
L01104,A00898,244.13,120,1,Urban
L01105,A00521,463.41,180,0,Urban
L01106,A00291,96.19,180,0,Urban
L01107,A00732,600.55,180,1,Semiurban
L01108,A00062,97.96,300,1,Urban
L01109,A00055,294.72,300,1,Urban
L01110,A00799,149.26,120,0,Urban
L01111,A00229,201.07,180,1,Semiurban
L01112,A00792,608.22,180,1,Urban
L01113,A00608,667.27,120,0,Semiurban
L01114,A00856,379.51,300,1,Urban
L01115,A00940,576.09,240,1,Rural
L01116,A00477,683.87,180,1,Urban
L01117,A00734,328.27,180,1,Semiurban
L01118,A00479,179.19,180,0,Urban
L01119,A00778,367.66,240,0,Rural
L01120,A00462,126.6,120,0,Urban
L01121,A00204,137.01,180,1,Semiurban
L01122,A00705,100.69,120,0,Rural
L01123,A00189,673.75,180,0,Rural
L01124,A00659,442.38,120,1,Urban
L01125,A00522,508.19,300,0,Semiurban
L01126,A00375,688.99,240,0,Rural
L01127,A00774,311.68,300,1,Urban
L01128,A00284,88.07,180,0,Semiurban
L01129,A00672,470.59,300,1,Semiurban
L01130,A00794,587.37,360,1,Urban
L01131,A00745,141.78,180,0,Rural
L01132,A00301,649.96,240,0,Rural
L01133,A00804,168.3,300,0,Semiurban
L01134,A00093,401.44,240,0,Rural
L01135,A00391,287.67,360,1,Semiurban
L01136,A00949,68.31,360,0,Rural
L01137,A00953,291.83,120,0,Semiurban
L01138,A00924,284.55,120,0,Rural
L01139,A00405,53.2,240,1,Urban
L01140,A00400,327.07,180,1,Urban
L01141,A00612,125.72,300,1,Urban
L01142,A00410,591.45,300,0,Urban
L01143,A00503,231.52,240,0,Semiurban
L01144,A00770,121.01,360,1,Rural
L01145,A00198,327.6,360,1,Urban
L01146,A00995,137.35,120,1,Urban
L01147,A00759,563.1,240,0,Urban
L01148,A00838,529.09,360,1,Semiurban
L01149,A00269,105.48,240,1,Semiurban
L01150,A00009,63.11,180,0,Urban
L01151,A00564,522.73,120,1,Rural
L01152,A00152,688.41,120,1,Semiurban
L01153,A00178,572.59,300,1,Urban
L01154,A00287,152.85,360,0,Semiurban
L01155,A00119,629.12,180,0,Semiurban
L01156,A00358,143.31,300,1,Urban
L01157,A00817,664.25,300,1,Urban
L01158,A00032,63.77,300,1,Semiurban
L01159,A00406,76.35,240,0,Urban
L01160,A00684,331.74,180,1,Urban
L01161,A00768,297.23,120,1,Urban
L01162,A00173,332.53,360,1,Semiurban
L01163,A00331,122.4,240,0,Semiurban
L01164,A00666,344.65,180,1,Rural
L01165,A00267,113.64,360,0,Rural
L01166,A00548,280.19,120,1,Semiurban
L01167,A00887,263.2,240,1,Rural
L01168,A00959,128.6,120,1,Urban
L01169,A00381,434.92,180,1,Rural
L01170,A00326,505.51,360,0,Semiurban
L01171,A00637,656.96,360,1,Rural
L01172,A00863,667.1,300,0,Urban
L01173,A00342,673.1,180,0,Rural
L01174,A00476,332.88,120,0,Semiurban
L01175,A00105,531.32,120,0,Rural
L01176,A00285,651.93,300,0,Semiurban
L01177,A00769,249.41,300,1,Rural
L01178,A00896,261.77,240,0,Urban
L01179,A00988,125.35,300,1,Semiurban
L01180,A00884,616.49,240,1,Rural
L01181,A00039,109.48,300,0,Urban
L01182,A00196,524.6,300,0,Urban
L01183,A00741,298.99,360,0,Semiurban
L01184,A00135,382.86,120,0,Rural
L01185,A00392,661.77,240,1,Semiurban
L01186,A00916,159.52,360,1,Rural
L01187,A00345,428.45,120,1,Rural
L01188,A00362,696.62,180,0,Semiurban
L01189,A00340,683.15,240,1,Rural
L01190,A00287,593.04,120,0,Semiurban
L01191,A00844,275.19,240,0,Rural
L01192,A00177,293.44,300,1,Urban
L01193,A00326,144.34,180,0,Semiurban
L01194,A00087,440.82,240,1,Rural
L01195,A00587,361.8,360,1,Urban
L01196,A00547,227.92,300,1,Semiurban
L01197,A00551,456.51,360,0,Semiurban
L01198,A00496,624.44,240,0,Urban
L01199,A00736,269.2,180,0,Semiurban
L01200,A00099,256.13,360,1,Rural
L01201,A00519,209.49,120,1,Semiurban
L01202,A00435,225.67,240,0,Semiurban
L01203,A00270,367.84,240,0,Rural
L01204,A00797,617.81,300,0,Rural
L01205,A00923,101.38,360,1,Semiurban
L01206,A00205,399.67,300,0,Urban
L01207,A00753,285.77,360,1,Rural
L01208,A00774,377.01,180,1,Semiurban
L01209,A00554,358.28,180,0,Urban
L01210,A00302,613.09,120,0,Semiurban
L01211,A00437,352.41,300,0,Urban
L01212,A00574,255.98,300,0,Semiurban
L01213,A00463,404.24,300,1,Semiurban
L01214,A00553,643.26,300,1,Urban
L01215,A00655,490.21,360,1,Semiurban
L01216,A00705,249.77,360,0,Rural
L01217,A00300,540.39,180,1,Rural
L01218,A00199,460.27,120,0,Rural
L01219,A00090,442.87,300,1,Rural
L01220,A00749,269.47,360,1,Rural
L01221,A00757,70.32,360,1,Rural
L01222,A00910,534.25,240,1,Urban
L01223,A00281,400.61,300,0,Semiurban
L01224,A00390,139.38,120,1,Semiurban
L01225,A00235,357.31,120,1,Rural
L01226,A00759,501.94,360,1,Rural
L01227,A00648,415.06,240,0,Urban
L01228,A00900,676.67,240,1,Semiurban
L01229,A00826,295.75,360,0,Semiurban
L01230,A00497,338.26,180,0,Urban
L01231,A00349,503.41,360,1,Semiurban
L01232,A00366,470.91,120,0,Rural
L01233,A00611,76.43,180,1,Semiurban
L01234,A00288,459.97,300,0,Urban
L01235,A00615,323.66,360,0,Semiurban
L01236,A00253,320.0,180,1,Rural
L01237,A00376,65.96,180,0,Semiurban
L01238,A00967,239.54,180,1,Urban
L01239,A00292,490.86,300,0,Semiurban
L01240,A00511,77.43,360,1,Rural
L01241,A00276,690.37,120,0,Urban
L01242,A00242,690.01,180,0,Semiurban
L01243,A00226,263.81,240,0,Semiurban
L01244,A00185,73.67,360,0,Semiurban
L01245,A00991,287.51,300,1,Urban
L01246,A00057,556.52,180,1,Urban
L01247,A00132,282.72,240,0,Semiurban
L01248,A00973,522.49,180,1,Semiurban
L01249,A00761,471.4,360,0,Rural
L01250,A00889,85.65,120,0,Rural
L01251,A00620,150.99,180,1,Urban
L01252,A00187,215.79,180,0,Semiurban
L01253,A00024,274.46,120,1,Semiurban
L01254,A00301,630.9,120,1,Semiurban
L01255,A00064,143.38,180,1,Urban
L01256,A00793,448.7,240,1,Semiurban
L01257,A00121,66.13,300,0,Urban
L01258,A00172,522.63,360,0,Semiurban
L01259,A00968,265.09,180,0,Urban
L01260,A00675,197.64,300,0,Urban
L01261,A00250,137.87,300,0,Semiurban
L01262,A00586,210.83,180,0,Rural
L01263,A00955,71.34,300,0,Rural
L01264,A00214,325.55,360,0,Urban
L01265,A00530,514.04,240,0,Semiurban
L01266,A00176,371.51,180,1,Urban
L01267,A00608,83.7,240,1,Semiurban
L01268,A00356,481.08,300,1,Rural
L01269,A00367,129.59,360,1,Rural
L01270,A00651,538.48,120,1,Rural
L01271,A00368,487.08,300,1,Urban
L01272,A00778,656.07,360,0,Rural
L01273,A00647,510.91,240,0,Semiurban
L01274,A00418,193.63,120,1,Semiurban
L01275,A00879,269.87,240,1,Rural
L01276,A00535,332.41,120,0,Urban
L01277,A00760,613.98,240,0,Urban
L01278,A00475,424.05,180,0,Urban
L01279,A00336,543.53,300,1,Semiurban
L01280,A00790,305.77,240,0,Urban
L01281,A00882,592.04,180,0,Rural
L01282,A00944,308.64,300,0,Semiurban
L01283,A00812,351.69,360,0,Semiurban
L01284,A00671,631.54,180,0,Semiurban
L01285,A00973,610.07,120,1,Rural
L01286,A00185,262.97,300,1,Semiurban
L01287,A00614,615.99,360,1,Urban
L01288,A00635,589.77,360,1,Urban
L01289,A00796,641.69,240,1,Semiurban
L01290,A00452,215.51,360,1,Semiurban
L01291,A00447,423.75,300,1,Rural
L01292,A00095,554.76,360,1,Rural
L01293,A00907,484.07,300,1,Urban
L01294,A00330,615.84,300,1,Urban
L01295,A00097,327.69,120,1,Semiurban
L01296,A00868,511.27,180,0,Semiurban
L01297,A00744,658.31,360,0,Semiurban
L01298,A00242,526.34,120,0,Urban
L01299,A00596,567.67,180,0,Rural
L01300,A00421,619.04,180,1,Semiurban
L01301,A00679,647.08,240,1,Semiurban
L01302,A00605,576.0,240,1,Urban
L01303,A00774,665.86,240,0,Semiurban
L01304,A00059,213.61,240,1,Rural
L01305,A00052,618.88,180,1,Urban
L01306,A00746,54.8,180,0,Urban
L01307,A00976,293.65,360,0,Urban
L01308,A01000,648.02,180,1,Rural
L01309,A00453,56.08,240,1,Semiurban
L01310,A00905,639.11,360,1,Semiurban
L01311,A00133,449.85,300,0,Semiurban
L01312,A00348,336.75,300,0,Semiurban
L01313,A00792,155.23,240,0,Urban
L01314,A00685,609.91,240,0,Semiurban
L01315,A00402,282.85,360,1,Semiurban
L01316,A00319,416.29,360,1,Urban
L01317,A00009,375.81,240,1,Urban
L01318,A00345,354.13,180,1,Semiurban
L01319,A00512,134.94,300,0,Semiurban
L01320,A00169,311.43,120,1,Rural
L01321,A00079,467.16,360,0,Urban
L01322,A00225,574.77,360,1,Urban
L01323,A00839,657.65,300,0,Urban
L01324,A00104,548.21,360,1,Semiurban
L01325,A00994,487.41,360,1,Semiurban
L01326,A00439,86.19,360,1,Urban
L01327,A00423,413.4,180,0,Semiurban
L01328,A00713,627.04,120,1,Rural
L01329,A00416,269.76,120,0,Rural
L01330,A00440,190.87,240,1,Semiurban
L01331,A00524,574.23,240,1,Semiurban
L01332,A00790,296.39,180,0,Semiurban
L01333,A00567,376.39,180,0,Urban
L01334,A00734,74.08,240,0,Rural
L01335,A00703,411.72,180,1,Urban
L01336,A00837,671.37,300,1,Rural
L01337,A00254,115.6,180,0,Rural
L01338,A00861,352.95,240,0,Rural
L01339,A00029,484.92,180,1,Semiurban
L01340,A00706,551.35,360,1,Semiurban
L01341,A00628,239.81,360,0,Urban
L01342,A00904,364.72,240,1,Urban
L01343,A00654,562.58,300,0,Urban
L01344,A00410,624.66,180,0,Rural
L01345,A00296,170.89,180,0,Semiurban
L01346,A00081,580.92,360,0,Rural
L01347,A00820,596.27,180,0,Rural
L01348,A00426,228.25,300,0,Urban
L01349,A00847,198.08,180,1,Urban
L01350,A00123,414.62,180,0,Semiurban
L01351,A00529,130.47,240,1,Rural
L01352,A00458,51.26,360,0,Semiurban
L01353,A00593,683.52,300,0,Semiurban
L01354,A00253,528.07,360,1,Rural
L01355,A00060,327.1,300,0,Rural
L01356,A00723,438.83,240,0,Urban
L01357,A00252,295.92,300,0,Rural
L01358,A00777,565.13,300,1,Urban
L01359,A00314,254.89,180,1,Urban
L01360,A00500,149.85,120,1,Semiurban
L01361,A00359,268.78,240,0,Semiurban
L01362,A00225,327.74,240,1,Rural
L01363,A00119,557.35,300,1,Semiurban
L01364,A00046,646.36,300,0,Urban
L01365,A00992,668.47,240,0,Semiurban
L01366,A00730,62.86,180,1,Rural
L01367,A00817,308.43,300,1,Rural
L01368,A00806,373.0,300,0,Semiurban
L01369,A00463,372.55,120,0,Semiurban
L01370,A00615,196.97,300,0,Semiurban
L01371,A00505,279.98,300,1,Rural
L01372,A00433,347.17,120,0,Rural
L01373,A00597,681.89,360,0,Rural
L01374,A00020,396.34,120,1,Rural
L01375,A00315,281.82,120,1,Semiurban
L01376,A00404,406.78,180,1,Semiurban
L01377,A00045,284.63,120,0,Semiurban
L01378,A00870,393.95,360,0,Semiurban
L01379,A00221,613.27,360,1,Semiurban
L01380,A00008,261.87,120,1,Semiurban
L01381,A00330,244.73,120,0,Semiurban
L01382,A00188,288.91,240,0,Rural
L01383,A00693,580.94,240,0,Urban
L01384,A00284,559.62,120,1,Semiurban
L01385,A00943,530.4,360,0,Urban
L01386,A00217,226.13,360,1,Rural
L01387,A00605,623.74,300,1,Semiurban
L01388,A00614,594.07,300,1,Rural
L01389,A00409,533.27,120,1,Urban
L01390,A00628,613.62,360,0,Urban
L01391,A00223,150.49,180,1,Semiurban
L01392,A00791,352.24,180,1,Urban
L01393,A00979,529.46,360,1,Urban
L01394,A00135,270.42,360,0,Urban
L01395,A00276,251.23,300,0,Rural
L01396,A00330,597.11,120,1,Rural
L01397,A00482,77.24,180,0,Semiurban
L01398,A00737,617.84,240,1,Rural
L01399,A00742,459.7,120,0,Rural
L01400,A00483,260.58,300,1,Urban
L01401,A00330,691.1,180,1,Semiurban
L01402,A00972,339.14,180,0,Urban
L01403,A00644,200.23,360,1,Rural
L01404,A00550,439.2,360,0,Urban
L01405,A00014,677.9,300,1,Urban
L01406,A00484,444.87,240,0,Semiurban
L01407,A00213,533.99,360,1,Urban
L01408,A00546,68.66,360,0,Urban
L01409,A00976,540.38,120,0,Semiurban
L01410,A00973,550.41,300,1,Semiurban
L01411,A00997,588.37,360,0,Urban
L01412,A00158,617.56,180,0,Rural
L01413,A00561,75.25,360,1,Rural
L01414,A00474,102.01,360,0,Semiurban
L01415,A00173,81.75,180,0,Rural
L01416,A00116,464.13,180,1,Semiurban
L01417,A00195,456.27,360,1,Rural
L01418,A00075,338.72,300,0,Rural
L01419,A00036,576.47,360,1,Semiurban
L01420,A00996,594.83,180,1,Urban
L01421,A00239,657.52,360,0,Rural
L01422,A00208,352.54,120,0,Semiurban
L01423,A00435,116.01,180,0,Urban
L01424,A00524,80.6,180,0,Urban
L01425,A00759,480.34,360,1,Semiurban
L01426,A00248,514.69,300,0,Semiurban
L01427,A00536,469.41,360,0,Urban
L01428,A00590,348.71,360,0,Rural
L01429,A00417,201.17,180,0,Urban
L01430,A00033,108.78,120,0,Semiurban
L01431,A00271,337.34,300,1,Semiurban
L01432,A00901,50.31,180,0,Rural
L01433,A00830,263.14,180,1,Semiurban
L01434,A00841,576.57,240,0,Urban
L01435,A00197,690.09,360,1,Urban
L01436,A00754,533.35,120,1,Semiurban
L01437,A00402,380.93,120,0,Rural
L01438,A00348,120.15,300,1,Semiurban
L01439,A00208,526.62,300,0,Semiurban
L01440,A00117,626.38,360,1,Semiurban
L01441,A00780,296.61,360,0,Semiurban
L01442,A00015,100.77,360,1,Semiurban
L01443,A00427,624.33,120,1,Urban
L01444,A00013,342.18,240,0,Semiurban
L01445,A00804,417.77,360,1,Semiurban
L01446,A00106,528.98,180,1,Urban
L01447,A00443,85.37,240,0,Rural
L01448,A00523,536.74,180,1,Urban
L01449,A00432,599.01,240,0,Rural
L01450,A00091,55.67,300,0,Semiurban
L01451,A00926,651.49,360,1,Semiurban
L01452,A00097,558.71,240,1,Semiurban
L01453,A00115,318.86,180,0,Urban
L01454,A00705,254.04,360,0,Rural
L01455,A00534,269.36,240,0,Urban
L01456,A00726,315.83,240,1,Rural
L01457,A00033,57.5,180,1,Rural
L01458,A00005,373.99,360,0,Rural
L01459,A00184,333.63,240,0,Urban
L01460,A00526,692.73,120,0,Semiurban
L01461,A00538,649.67,240,1,Rural
L01462,A00354,161.04,180,0,Urban
L01463,A00780,267.77,120,1,Semiurban
L01464,A00851,356.34,300,1,Semiurban
L01465,A00403,430.24,360,0,Semiurban
L01466,A00087,191.92,240,0,Semiurban
L01467,A00846,601.48,240,1,Rural
L01468,A00584,589.69,180,0,Urban
L01469,A00742,586.22,120,0,Rural
L01470,A00354,663.23,120,1,Urban
L01471,A00410,440.37,180,1,Rural
L01472,A00167,400.57,300,0,Semiurban
L01473,A00353,608.12,180,0,Urban
L01474,A00133,299.77,180,0,Semiurban
L01475,A00130,194.87,360,1,Semiurban
L01476,A00964,414.42,240,0,Urban
L01477,A00535,488.44,360,0,Semiurban
L01478,A00969,544.99,360,0,Semiurban
L01479,A00005,618.83,180,1,Semiurban
L01480,A00307,691.07,300,0,Urban
L01481,A00142,433.06,360,1,Semiurban
L01482,A00609,373.25,300,1,Rural
L01483,A00717,658.2,240,0,Urban
L01484,A00240,536.42,180,1,Urban
L01485,A00912,531.74,360,0,Rural
L01486,A00200,586.13,300,1,Rural
L01487,A00522,557.27,240,1,Rural
L01488,A00094,86.98,300,1,Rural
L01489,A00703,485.94,360,1,Urban
L01490,A00560,70.21,180,1,Rural
L01491,A00513,356.42,300,1,Urban
L01492,A00644,413.28,180,0,Urban
L01493,A00502,690.71,360,0,Urban
L01494,A00380,101.02,240,0,Rural
L01495,A00493,461.93,240,0,Urban
L01496,A00080,261.16,120,0,Urban
L01497,A00121,254.62,300,1,Urban
L01498,A00579,646.25,180,1,Urban
L01499,A00152,654.58,120,1,Urban
L01500,A00779,468.96,300,0,Semiurban
